candidate_id,rank,score,reasoning
CAND_0039754,1,1.0,"Senior Applied Scientist with 16.2y experience, specialising in Fine-tuning LLMs LlamaIndex Qdrant Reinforcement Learning NLP Statistical Modeling Kubeflow ASR OpenSearch Deep Learning Machine Learning LLMs BM25 Weaviate Python TensorFlow CI/CD pgvector Speech Recognition Elasticsearch. Demonstrates vector DB expertise and active GitHub contributions, closely matching the Senior AI Engineer JD requirements. Note: over-experienced vs. 5-9y JD requirement — may expect senior+ comp. | Profile Credibility: 100.0/100 (High confidence) | Top credibility driver: Technical Depth (100.0/100) | Key strengths: Technical Depth (100.0/100 × 18% weight); Behavioral Confidence (97.6/100 × 16% weight); Evidence Strength (100.0/100 × 14% weight) | Potential concerns: Temporal Consistency scores below confidence threshold (20.0/100); Skill Evidence scores below confidence threshold (11.3/100) | Score rationale: Score driven by: demonstrated technical depth in career descriptions; strong platform engagement and recruiter signals; quantified achievements and measurable impact"
CAND_0071974,2,0.9297,"Senior AI Engineer with 7.8y experience, specialising in LoRA Learning to Rank Weaviate PEFT BM25 Pinecone Machine Learning Information Retrieval Qdrant Embeddings CNN RAG MLOps Forecasting Sentence Transformers Content Writing Speech Recognition Elasticsearch Object Detection. Demonstrates vector DB expertise and active GitHub contributions, closely matching the Senior AI Engineer JD requirements. | Profile Credibility: 100.0/100 (High confidence) | Top credibility driver: Behavioral Confidence (93.6/100) | Key strengths: Behavioral Confidence (93.6/100 × 16% weight); Evidence Strength (100.0/100 × 14% weight); Technical Depth (71.8/100 × 18% weight) | Score rationale: Score driven by: demonstrated technical depth in career descriptions; strong platform engagement and recruiter signals; logically consistent career timeline"
CAND_0002025,3,0.9184,"Senior AI Engineer with 5.9y experience, specialising in Diffusion Models FAISS TensorFlow scikit-learn OpenSearch Haystack Weaviate Sentence Transformers QLoRA NLP Pinecone Recommendation Systems Deep Learning Python LangChain Weights & Biases OpenCV Prompt Engineering Fine-tuning LLMs YOLO. Demonstrates vector DB expertise and active GitHub contributions, closely matching the Senior AI Engineer JD requirements. | Profile Credibility: 100.0/100 (High confidence) | Top credibility driver: Technical Depth (86.8/100) | Key strengths: Technical Depth (86.8/100 × 18% weight); Behavioral Confidence (92.9/100 × 16% weight); Evidence Strength (100.0/100 × 14% weight) | Potential concerns: Skill Evidence scores below confidence threshold (20.3/100) | Score rationale: Score driven by: demonstrated technical depth in career descriptions; strong platform engagement and recruiter signals; logically consistent career timeline"
CAND_0011687,4,0.9077,"Senior NLP Engineer with 7.8y experience, specialising in TensorFlow OpenSearch FAISS PEFT Feature Engineering Embeddings LangChain MLOps Weaviate PyTorch Image Classification Semantic Search LlamaIndex. Demonstrates vector DB expertise and active GitHub contributions, closely matching the Senior AI Engineer JD requirements. | Profile Credibility: 100.0/100 (High confidence) | Top credibility driver: Behavioral Confidence (93.0/100) | Key strengths: Behavioral Confidence (93.0/100 × 16% weight); Technical Depth (75.4/100 × 18% weight); Evidence Strength (83.3/100 × 14% weight) | Potential concerns: Skill Evidence scores below confidence threshold (19.9/100) | Score rationale: Score driven by: demonstrated technical depth in career descriptions; strong platform engagement and recruiter signals; logically consistent career timeline"
CAND_0077337,5,0.8939,"Staff Machine Learning Engineer with 7.0y experience, specialising in GANs Semantic Search QLoRA pgvector Pinecone Feature Engineering BM25 Information Retrieval LLMs OpenCV Data Science Forecasting Excel RAG Qdrant Recommendation Systems Sentence Transformers LlamaIndex Python OpenSearch. Demonstrates vector DB expertise and active GitHub contributions, closely matching the Senior AI Engineer JD requirements. | Profile Credibility: 100.0/100 (High confidence) | Top credibility driver: Behavioral Confidence (92.1/100) | Key strengths: Behavioral Confidence (92.1/100 × 16% weight); Evidence Strength (100.0/100 × 14% weight); Technical Depth (75.0/100 × 18% weight) | Potential concerns: Skill Evidence scores below confidence threshold (26.9/100) | Score rationale: Score driven by: demonstrated technical depth in career descriptions; strong platform engagement and recruiter signals; quantified achievements and measurable impact"
CAND_0088025,6,0.8835,"Staff Machine Learning Engineer with 8.6y experience, specialising in Pinecone QLoRA LLMs Hugging Face Transformers RAG SAP TensorFlow LoRA Flask Prompt Engineering BM25 Elasticsearch MLOps pgvector Learning to Rank Deep Learning Python NLP YOLO. Demonstrates vector DB expertise and active GitHub contributions, closely matching the Senior AI Engineer JD requirements. | Profile Credibility: 100.0/100 (High confidence) | Top credibility driver: Behavioral Confidence (95.7/100) | Key strengths: Behavioral Confidence (95.7/100 × 16% weight); Evidence Strength (100.0/100 × 14% weight); Technical Depth (66.8/100 × 18% weight) | Potential concerns: Skill Evidence scores below confidence threshold (24.0/100) | Score rationale: Score driven by: demonstrated technical depth in career descriptions; strong platform engagement and recruiter signals; logically consistent career timeline"
CAND_0005649,7,0.8326,"Senior Data Scientist with 7.4y experience, specialising in Haystack Redis Prompt Engineering Object Detection Deep Learning TensorFlow Fine-tuning LLMs Recommendation Systems QLoRA OpenCV Semantic Search Weaviate scikit-learn RAG Microservices Information Retrieval Kubeflow. Demonstrates vector DB expertise and active GitHub contributions, closely matching the Senior AI Engineer JD requirements. | Profile Credibility: 100.0/100 (High confidence) | Top credibility driver: Technical Depth (72.6/100) | Key strengths: Technical Depth (72.6/100 × 18% weight); Behavioral Confidence (79.9/100 × 16% weight); Evidence Strength (67.5/100 × 14% weight) | Potential concerns: Skill Evidence scores below confidence threshold (18.8/100) | Score rationale: Score driven by: demonstrated technical depth in career descriptions; strong platform engagement and recruiter signals; quantified achievements and measurable impact"
CAND_0046064,8,0.8286,"Senior NLP Engineer with 8.9y experience, specialising in Python Image Classification OpenCV Pinecone Haystack Six Sigma TTS Diffusion Models BM25 YOLO OpenSearch PEFT Deep Learning Elasticsearch QLoRA Semantic Search. Demonstrates vector DB expertise and active GitHub contributions, closely matching the Senior AI Engineer JD requirements. | Profile Credibility: 100.0/100 (High confidence) | Top credibility driver: Evidence Strength (100.0/100) | Key strengths: Evidence Strength (100.0/100 × 14% weight); Behavioral Confidence (83.7/100 × 16% weight); Technical Depth (70.2/100 × 18% weight) | Score rationale: Score driven by: demonstrated technical depth in career descriptions; strong platform engagement and recruiter signals; logically consistent career timeline"
CAND_0086022,9,0.8146,"Senior Applied Scientist with 5.3y experience, specialising in Vector Search MLflow Recommendation Systems Databricks Deep Learning pgvector Fine-tuning LLMs Elasticsearch QLoRA Pinecone Embeddings Kubeflow PyTorch ETL TensorFlow NLP Sentence Transformers LoRA LangChain. Demonstrates vector DB expertise and active GitHub contributions, closely matching the Senior AI Engineer JD requirements. | Profile Credibility: 100.0/100 (High confidence) | Top credibility driver: Technical Depth (82.1/100) | Key strengths: Technical Depth (82.1/100 × 18% weight); Evidence Strength (100.0/100 × 14% weight); Behavioral Confidence (83.2/100 × 16% weight) | Potential concerns: Skill Evidence scores below confidence threshold (23.7/100) | Score rationale: Score driven by: demonstrated technical depth in career descriptions; strong platform engagement and recruiter signals; logically consistent career timeline"
CAND_0041669,10,0.8031,"Recommendation Systems Engineer with 8.0y experience, specialising in FAISS Milvus PEFT Diffusion Models MLflow QLoRA Haystack Semantic Search Weaviate Prompt Engineering Flask Weights & Biases ASR MLOps Vue.js Time Series Information Retrieval TypeScript Machine Learning Qdrant. Demonstrates vector DB expertise and active GitHub contributions, closely matching the Senior AI Engineer JD requirements. | Profile Credibility: 100.0/100 (High confidence) | Top credibility driver: Behavioral Confidence (89.4/100) | Key strengths: Behavioral Confidence (89.4/100 × 16% weight); Technical Depth (63.3/100 × 18% weight); Evidence Strength (73.1/100 × 14% weight) | Potential concerns: Skill Evidence scores below confidence threshold (33.7/100) | Score rationale: Score driven by: demonstrated technical depth in career descriptions; strong platform engagement and recruiter signals; logically consistent career timeline"
CAND_0017960,11,0.7769,"Recommendation Systems Engineer with 7.7y experience, specialising in LlamaIndex QLoRA Hugging Face Transformers Reinforcement Learning Machine Learning Haystack YOLO Data Science Speech Recognition Qdrant PEFT Python Information Retrieval BentoML. Demonstrates vector DB expertise and active GitHub contributions, closely matching the Senior AI Engineer JD requirements. | Profile Credibility: 100.0/100 (High confidence) | Top credibility driver: Behavioral Confidence (85.1/100) | Key strengths: Behavioral Confidence (85.1/100 × 16% weight); Technical Depth (58.8/100 × 18% weight); Career Consistency (96.6/100 × 10% weight) | Potential concerns: Skill Evidence scores below confidence threshold (21.7/100) | Score rationale: Score driven by: strong platform engagement and recruiter signals; logically consistent career timeline; strong ownership and leadership language"
CAND_0064326,12,0.758,"Search Engineer with 7.6y experience, specialising in scikit-learn PyTorch Milvus Deep Learning Semantic Search Weaviate Object Detection RAG Weights & Biases BM25 Webpack Python QLoRA Reinforcement Learning. Demonstrates vector DB expertise and active GitHub contributions, closely matching the Senior AI Engineer JD requirements. | Profile Credibility: 100.0/100 (High confidence) | Top credibility driver: Behavioral Confidence (100.0/100) | Key strengths: Behavioral Confidence (100.0/100 × 16% weight); Technical Depth (54.6/100 × 18% weight); Career Consistency (85.6/100 × 10% weight) | Potential concerns: Skill Evidence scores below confidence threshold (21.9/100) | Score rationale: Score driven by: strong platform engagement and recruiter signals"
CAND_0044883,13,0.7419,"AI Engineer with 6.3y experience, specialising in CNN BM25 Computer Vision Prompt Engineering Embeddings Data Science QLoRA ASR Fine-tuning LLMs TensorFlow Deep Learning scikit-learn Object Detection PyTorch Semantic Search. Demonstrates vector DB expertise and active GitHub contributions, closely matching the Senior AI Engineer JD requirements. | Profile Credibility: 100.0/100 (High confidence) | Top credibility driver: Technical Depth (75.2/100) | Key strengths: Technical Depth (75.2/100 × 18% weight); Behavioral Confidence (77.9/100 × 16% weight); Evidence Strength (67.1/100 × 14% weight) | Potential concerns: Skill Evidence scores below confidence threshold (17.9/100) | Score rationale: Score driven by: demonstrated technical depth in career descriptions; strong platform engagement and recruiter signals; quantified achievements and measurable impact"
CAND_0055992,14,0.7275,"AI Engineer with 16.9y experience, specialising in Information Retrieval MLflow FAISS RAG Feature Engineering Data Science LangChain SQL OpenSearch Embeddings Prompt Engineering Accounting Vue.js Fine-tuning LLMs Milvus Deep Learning. Demonstrates vector DB expertise and active GitHub contributions, closely matching the Senior AI Engineer JD requirements. Note: low recent activity (96d since last active). | Profile Credibility: 100.0/100 (High confidence) | Top credibility driver: Behavioral Confidence (87.5/100) | Key strengths: Behavioral Confidence (87.5/100 × 16% weight); Evidence Strength (95.3/100 × 14% weight); Technical Depth (67.8/100 × 18% weight) | Potential concerns: Skill Evidence scores below confidence threshold (29.1/100) | Score rationale: Score driven by: demonstrated technical depth in career descriptions; strong platform engagement and recruiter signals; quantified achievements and measurable impact"
CAND_0052682,15,0.7273,"NLP Engineer with 6.6y experience, specialising in Statistical Modeling QLoRA Semantic Search FAISS PyTorch gRPC LLMs Excel TTS Six Sigma Data Science Forecasting Python Embeddings Fine-tuning LLMs. Demonstrates vector DB expertise and active GitHub contributions, closely matching the Senior AI Engineer JD requirements. Note: low recent activity (96d since last active). | Profile Credibility: 100.0/100 (High confidence) | Top credibility driver: Behavioral Confidence (86.4/100) | Key strengths: Behavioral Confidence (86.4/100 × 16% weight); Evidence Strength (82.4/100 × 14% weight); Technical Depth (54.3/100 × 18% weight) | Potential concerns: Leadership & Ownership scores below confidence threshold (29.6/100); Skill Evidence scores below confidence threshold (22.6/100) | Score rationale: Score driven by: strong platform engagement and recruiter signals; logically consistent career timeline; quantified achievements and measurable impact"
CAND_0069905,16,0.721,"Applied ML Engineer with 6.6y experience, specialising in Flask Redux LoRA Computer Vision Speech Recognition Image Classification Recommendation Systems Sentence Transformers LangChain TensorFlow Hugging Face Transformers MLOps Forecasting Python Object Detection Weaviate Learning to Rank. Demonstrates vector DB expertise and active GitHub contributions, closely matching the Senior AI Engineer JD requirements. | Profile Credibility: 100.0/100 (High confidence) | Top credibility driver: Behavioral Confidence (91.0/100) | Key strengths: Behavioral Confidence (91.0/100 × 16% weight); Evidence Strength (100.0/100 × 14% weight); Technical Depth (63.5/100 × 18% weight) | Potential concerns: Skill Evidence scores below confidence threshold (27.0/100) | Score rationale: Score driven by: demonstrated technical depth in career descriptions; strong platform engagement and recruiter signals; logically consistent career timeline"
CAND_0081846,17,0.7196,"Lead AI Engineer with 6.7y experience, specialising in Data Science Information Retrieval LlamaIndex pgvector Forecasting Learning to Rank Elasticsearch PyTorch Vector Search scikit-learn Deep Learning Recommendation Systems Python Embeddings Semantic Search BM25 Machine Learning Qdrant. Demonstrates vector DB expertise and active GitHub contributions, closely matching the Senior AI Engineer JD requirements. | Profile Credibility: 100.0/100 (High confidence) | Top credibility driver: Technical Depth (89.1/100) | Key strengths: Technical Depth (89.1/100 × 18% weight); Behavioral Confidence (89.3/100 × 16% weight); Evidence Strength (100.0/100 × 14% weight) | Potential concerns: Skill Evidence scores below confidence threshold (25.7/100) | Score rationale: Score driven by: demonstrated technical depth in career descriptions; strong platform engagement and recruiter signals; logically consistent career timeline"
CAND_0018499,18,0.7086,"Senior Machine Learning Engineer with 7.2y experience, specialising in Deep Learning Weaviate Recommendation Systems scikit-learn Diffusion Models Pinecone Information Retrieval Milvus QLoRA RAG Embeddings Learning to Rank CNN Go BM25 LangChain Weights & Biases. Demonstrates vector DB expertise and active GitHub contributions, closely matching the Senior AI Engineer JD requirements. | Profile Credibility: 100.0/100 (High confidence) | Top credibility driver: Behavioral Confidence (89.2/100) | Key strengths: Behavioral Confidence (89.2/100 × 16% weight); Evidence Strength (100.0/100 × 14% weight); Technical Depth (74.0/100 × 18% weight) | Potential concerns: Skill Evidence scores below confidence threshold (22.1/100) | Score rationale: Score driven by: demonstrated technical depth in career descriptions; strong platform engagement and recruiter signals; logically consistent career timeline"
CAND_0052328,19,0.6992,"Recommendation Systems Engineer with 6.5y experience, specialising in Object Detection LoRA OpenSearch Reinforcement Learning QLoRA Image Classification Recommendation Systems ASR Computer Vision Learning to Rank Fine-tuning LLMs scikit-learn Vector Search YOLO Sentence Transformers Python. Demonstrates vector DB expertise and active GitHub contributions, closely matching the Senior AI Engineer JD requirements. Note: low recent activity (93d since last active). | Profile Credibility: 100.0/100 (High confidence) | Top credibility driver: Behavioral Confidence (74.7/100) | Key strengths: Behavioral Confidence (74.7/100 × 16% weight); Technical Depth (56.6/100 × 18% weight); Temporal Consistency (91.7/100 × 10% weight) | Potential concerns: Skill Evidence scores below confidence threshold (28.5/100) | Score rationale: Score driven by: strong platform engagement and recruiter signals; logically consistent career timeline"
CAND_0083307,20,0.6898,"Search Engineer with 7.8y experience, specialising in OpenCV scikit-learn Embeddings Image Classification Weights & Biases QLoRA PEFT Pinecone GCP Weaviate Semantic Search Python Learning to Rank MLflow Vector Search pgvector Deep Learning Data Science. Demonstrates vector DB expertise and active GitHub contributions, closely matching the Senior AI Engineer JD requirements. Note: low recent activity (103d since last active). | Profile Credibility: 100.0/100 (High confidence) | Top credibility driver: Behavioral Confidence (80.7/100) | Key strengths: Behavioral Confidence (80.7/100 × 16% weight); Technical Depth (61.3/100 × 18% weight); Evidence Strength (66.8/100 × 14% weight) | Potential concerns: Skill Evidence scores below confidence threshold (27.5/100) | Score rationale: Score driven by: demonstrated technical depth in career descriptions; strong platform engagement and recruiter signals; quantified achievements and measurable impact"
CAND_0061265,21,0.6879,"Recommendation Systems Engineer with 6.6y experience, specialising in Qdrant SQL Accounting LangChain Learning to Rank Vector Search Hugging Face Transformers QLoRA Embeddings Time Series Django Object Detection Prompt Engineering Computer Vision Reinforcement Learning Milvus. Demonstrates vector DB expertise and active GitHub contributions, closely matching the Senior AI Engineer JD requirements. Note: low recent activity (99d since last active). | Profile Credibility: 100.0/100 (High confidence) | Top credibility driver: Behavioral Confidence (75.4/100) | Key strengths: Behavioral Confidence (75.4/100 × 16% weight); Technical Depth (59.5/100 × 18% weight); Evidence Strength (73.1/100 × 14% weight) | Potential concerns: Skill Evidence scores below confidence threshold (20.5/100) | Score rationale: Score driven by: strong platform engagement and recruiter signals; logically consistent career timeline; quantified achievements and measurable impact"
CAND_0042506,22,0.685,"Search Engineer with 4.2y experience, specialising in PEFT TTS scikit-learn OpenCV Semantic Search BentoML Fine-tuning LLMs TensorFlow Information Retrieval Diffusion Models Milvus Deep Learning Qdrant FAISS Airflow Object Detection NLP Forecasting pgvector. Demonstrates vector DB expertise and active GitHub contributions, closely matching the Senior AI Engineer JD requirements. | Profile Credibility: 100.0/100 (High confidence) | Top credibility driver: Technical Depth (73.9/100) | Key strengths: Technical Depth (73.9/100 × 18% weight); Behavioral Confidence (80.8/100 × 16% weight); Evidence Strength (85.3/100 × 14% weight) | Potential concerns: Leadership & Ownership scores below confidence threshold (31.2/100); Skill Evidence scores below confidence threshold (21.2/100) | Score rationale: Score driven by: demonstrated technical depth in career descriptions; strong platform engagement and recruiter signals; logically consistent career timeline"
CAND_0047721,23,0.6793,"Senior Data Scientist with 7.0y experience, specialising in Learning to Rank MLOps Milvus BM25 RAG Diffusion Models Image Classification Redux Information Retrieval Photoshop FAISS Qdrant Machine Learning OpenCV Forecasting NLP Salesforce CRM. Demonstrates vector DB expertise and active GitHub contributions, closely matching the Senior AI Engineer JD requirements. | Profile Credibility: 100.0/100 (High confidence) | Top credibility driver: Behavioral Confidence (78.4/100) | Key strengths: Behavioral Confidence (78.4/100 × 16% weight); Evidence Strength (82.4/100 × 14% weight); Technical Depth (51.2/100 × 18% weight) | Potential concerns: Skill Evidence scores below confidence threshold (24.3/100) | Score rationale: Score driven by: strong platform engagement and recruiter signals; logically consistent career timeline; quantified achievements and measurable impact"
CAND_0083852,24,0.6737,"Data Scientist with 6.0y experience, specialising in Qdrant Kubeflow QLoRA Feature Engineering Sales TTS Pinecone PyTorch pgvector Information Retrieval Illustrator Computer Vision Next.js MLflow Sentence Transformers Data Science BentoML Prompt Engineering Snowflake. Demonstrates vector DB expertise and active GitHub contributions, closely matching the Senior AI Engineer JD requirements. | Profile Credibility: 100.0/100 (High confidence) | Top credibility driver: Behavioral Confidence (89.9/100) | Key strengths: Behavioral Confidence (89.9/100 × 16% weight); Temporal Consistency (100.0/100 × 10% weight); Career Consistency (93.7/100 × 10% weight) | Potential concerns: Leadership & Ownership scores below confidence threshold (17.1/100); Skill Evidence scores below confidence threshold (10.7/100) | Score rationale: Score driven by: strong platform engagement and recruiter signals; logically consistent career timeline"
CAND_0018722,25,0.6657,"Recommendation Systems Engineer with 6.6y experience, specialising in Data Science Weaviate Python Recommendation Systems PowerPoint LLMs TensorFlow Hugging Face Transformers SEO YOLO Flask scikit-learn PEFT GANs. Demonstrates vector DB expertise and active GitHub contributions, closely matching the Senior AI Engineer JD requirements. | Profile Credibility: 100.0/100 (High confidence) | Top credibility driver: Behavioral Confidence (87.9/100) | Key strengths: Behavioral Confidence (87.9/100 × 16% weight); Evidence Strength (73.5/100 × 14% weight); Technical Depth (51.8/100 × 18% weight) | Potential concerns: Skill Evidence scores below confidence threshold (30.0/100) | Score rationale: Score driven by: strong platform engagement and recruiter signals; logically consistent career timeline; quantified achievements and measurable impact"
CAND_0008425,26,0.6656,"Senior NLP Engineer with 7.8y experience, specialising in Learning to Rank Qdrant Weights & Biases pgvector Sentence Transformers NLP Haystack TensorFlow Python Prompt Engineering Image Classification Object Detection Semantic Search LoRA Recommendation Systems Information Retrieval Hugging Face Transformers. Demonstrates vector DB expertise and active GitHub contributions, closely matching the Senior AI Engineer JD requirements. | Profile Credibility: 100.0/100 (High confidence) | Top credibility driver: Evidence Strength (100.0/100) | Key strengths: Evidence Strength (100.0/100 × 14% weight); Behavioral Confidence (85.7/100 × 16% weight); Technical Depth (71.5/100 × 18% weight) | Score rationale: Score driven by: demonstrated technical depth in career descriptions; strong platform engagement and recruiter signals; logically consistent career timeline"
CAND_0042029,27,0.6619,"Senior Data Scientist with 6.5y experience, specialising in YOLO PyTorch NLP RAG Haystack Statistical Modeling TypeScript Elasticsearch Embeddings REST APIs Speech Recognition OpenSearch Image Classification Feature Engineering Weaviate Learning to Rank Deep Learning Hugging Face Transformers. Demonstrates vector DB expertise and active GitHub contributions, closely matching the Senior AI Engineer JD requirements. | Profile Credibility: 100.0/100 (High confidence) | Top credibility driver: Behavioral Confidence (75.1/100) | Key strengths: Behavioral Confidence (75.1/100 × 16% weight); Technical Depth (60.9/100 × 18% weight); Leadership & Ownership (76.7/100 × 12% weight) | Potential concerns: Skill Evidence scores below confidence threshold (23.1/100) | Score rationale: Score driven by: demonstrated technical depth in career descriptions; strong platform engagement and recruiter signals; logically consistent career timeline"
CAND_0070398,28,0.6601,"Machine Learning Engineer with 7.2y experience, specialising in Image Classification Data Science BM25 RAG FAISS Object Detection Embeddings PyTorch LoRA Python Information Retrieval pgvector Learning to Rank Fine-tuning LLMs Recommendation Systems Reinforcement Learning. Demonstrates vector DB expertise and active GitHub contributions, closely matching the Senior AI Engineer JD requirements. | Profile Credibility: 100.0/100 (High confidence) | Top credibility driver: Evidence Strength (100.0/100) | Key strengths: Evidence Strength (100.0/100 × 14% weight); Behavioral Confidence (75.3/100 × 16% weight); Technical Depth (61.4/100 × 18% weight) | Score rationale: Score driven by: demonstrated technical depth in career descriptions; strong platform engagement and recruiter signals; logically consistent career timeline"
CAND_0007009,29,0.6568,"Recommendation Systems Engineer with 7.9y experience, specialising in Statistical Modeling ETL Weaviate Python Embeddings Learning to Rank PEFT BM25 LoRA CNN Forecasting LLMs Sentence Transformers Weights & Biases Haystack Data Science QLoRA OpenSearch. Demonstrates vector DB expertise and active GitHub contributions, closely matching the Senior AI Engineer JD requirements. Note: low recent activity (105d since last active). | Profile Credibility: 100.0/100 (High confidence) | Top credibility driver: Behavioral Confidence (74.0/100) | Key strengths: Behavioral Confidence (74.0/100 × 16% weight); Technical Depth (64.0/100 × 18% weight); Evidence Strength (73.5/100 × 14% weight) | Score rationale: Score driven by: demonstrated technical depth in career descriptions; strong platform engagement and recruiter signals; logically consistent career timeline"
CAND_0094759,30,0.6523,"Lead AI Engineer with 8.6y experience, specialising in Prompt Engineering scikit-learn Hugging Face Transformers Learning to Rank Semantic Search Qdrant Fine-tuning LLMs Agile Vector Search TTS NLP Object Detection MLOps FAISS Weights & Biases Weaviate. Demonstrates vector DB expertise and active GitHub contributions, closely matching the Senior AI Engineer JD requirements. Note: low recent activity (175d since last active). | Profile Credibility: 100.0/100 (High confidence) | Top credibility driver: Evidence Strength (100.0/100) | Key strengths: Evidence Strength (100.0/100 × 14% weight); Technical Depth (74.9/100 × 18% weight); Temporal Consistency (95.6/100 × 10% weight) | Potential concerns: Skill Evidence scores below confidence threshold (34.9/100) | Score rationale: Score driven by: demonstrated technical depth in career descriptions; logically consistent career timeline; quantified achievements and measurable impact"
CAND_0074225,31,0.6515,"Machine Learning Engineer with 4.3y experience, specialising in Apache Beam Statistical Modeling Recommendation Systems Semantic Search ASR Elasticsearch Milvus Python Time Series Haystack scikit-learn Hugging Face Transformers Qdrant CI/CD QLoRA Machine Learning Vector Search. Demonstrates vector DB expertise and active GitHub contributions, closely matching the Senior AI Engineer JD requirements. | Profile Credibility: 100.0/100 (High confidence) | Top credibility driver: Behavioral Confidence (94.1/100) | Key strengths: Behavioral Confidence (94.1/100 × 16% weight); Technical Depth (55.0/100 × 18% weight); Career Consistency (93.8/100 × 10% weight) | Potential concerns: Skill Evidence scores below confidence threshold (21.2/100) | Score rationale: Score driven by: strong platform engagement and recruiter signals; logically consistent career timeline; strong ownership and leadership language"
CAND_0080766,32,0.6507,"Staff Machine Learning Engineer with 8.8y experience, specialising in Search Backend LoRA Vue.js Tally Search & Discovery MLOps Search Infrastructure MLflow Open-source ML libraries Information Retrieval Systems Elasticsearch Computer Vision Deep Learning Natural Language Processing QLoRA YOLO OpenSearch Python Milvus ASR TensorFlow. Demonstrates vector DB expertise and active GitHub contributions, closely matching the Senior AI Engineer JD requirements. | Profile Credibility: 100.0/100 (High confidence) | Top credibility driver: Behavioral Confidence (74.5/100) | Key strengths: Behavioral Confidence (74.5/100 × 16% weight); Technical Depth (53.6/100 × 18% weight); Evidence Strength (64.7/100 × 14% weight) | Potential concerns: Skill Evidence scores below confidence threshold (23.4/100) | Score rationale: Score driven by: strong platform engagement and recruiter signals; logically consistent career timeline; quantified achievements and measurable impact"
CAND_0099806,33,0.6409,"AI Engineer with 4.6y experience, specialising in LoRA OpenCV Statistical Modeling RAG Agile Prompt Engineering Speech Recognition Reinforcement Learning pgvector FAISS Embeddings Sentence Transformers Weaviate Time Series dbt Qdrant Elasticsearch BM25. Demonstrates vector DB expertise and active GitHub contributions, closely matching the Senior AI Engineer JD requirements. | Profile Credibility: 100.0/100 (High confidence) | Top credibility driver: Behavioral Confidence (86.0/100) | Key strengths: Behavioral Confidence (86.0/100 × 16% weight); Leadership & Ownership (90.8/100 × 12% weight); Career Consistency (96.7/100 × 10% weight) | Potential concerns: Skill Evidence scores below confidence threshold (27.2/100) | Score rationale: Score driven by: strong platform engagement and recruiter signals; logically consistent career timeline; strong ownership and leadership language"
CAND_0077956,34,0.6395,"Computer Vision Engineer with 6.4y experience, specialising in Milvus TTS SQL Weights & Biases Hugging Face Transformers Weaviate LlamaIndex BentoML Flask Feature Engineering LLMs Deep Learning Computer Vision CNN MLflow TensorFlow Azure Node.js. Demonstrates vector DB expertise and active GitHub contributions, closely matching the Senior AI Engineer JD requirements. | Profile Credibility: 98.2/100 (High confidence) | Top credibility driver: Behavioral Confidence (80.6/100) | Key strengths: Behavioral Confidence (80.6/100 × 16% weight); Temporal Consistency (93.3/100 × 10% weight); Career Consistency (91.7/100 × 10% weight) | Potential concerns: Leadership & Ownership scores below confidence threshold (17.5/100) | Score rationale: Score driven by: strong platform engagement and recruiter signals; logically consistent career timeline"
CAND_0086151,35,0.6395,"Recommendation Systems Engineer with 7.7y experience, specialising in Figma LangChain BentoML Data Science Snowflake Recommendation Systems Qdrant OpenSearch Embeddings PEFT dbt Sentence Transformers LoRA Computer Vision BM25 Time Series Feature Engineering Statistical Modeling Elasticsearch. Demonstrates vector DB expertise and active GitHub contributions, closely matching the Senior AI Engineer JD requirements. Note: low recent activity (101d since last active). | Profile Credibility: 100.0/100 (High confidence) | Top credibility driver: Evidence Strength (100.0/100) | Key strengths: Evidence Strength (100.0/100 × 14% weight); Behavioral Confidence (75.7/100 × 16% weight); Technical Depth (55.5/100 × 18% weight) | Potential concerns: Skill Evidence scores below confidence threshold (28.9/100) | Score rationale: Score driven by: strong platform engagement and recruiter signals; logically consistent career timeline; quantified achievements and measurable impact"
CAND_0046525,36,0.6387,"Senior Machine Learning Engineer with 6.1y experience, specialising in Elasticsearch Redux LangChain Machine Learning LlamaIndex Information Retrieval TensorFlow LLMs NLP Sentence Transformers YOLO Forecasting pgvector Image Classification Weights & Biases TTS Qdrant. Demonstrates vector DB expertise and active GitHub contributions, closely matching the Senior AI Engineer JD requirements. | Profile Credibility: 100.0/100 (High confidence) | Top credibility driver: Behavioral Confidence (89.7/100) | Key strengths: Behavioral Confidence (89.7/100 × 16% weight); Technical Depth (79.2/100 × 18% weight); Evidence Strength (100.0/100 × 14% weight) | Potential concerns: Skill Evidence scores below confidence threshold (32.4/100) | Score rationale: Score driven by: demonstrated technical depth in career descriptions; strong platform engagement and recruiter signals; logically consistent career timeline"
CAND_0091909,37,0.6323,"Machine Learning Engineer with 6.9y experience, specialising in LLMs Image Classification Pinecone Diffusion Models QLoRA Qdrant OpenSearch BentoML scikit-learn Sentence Transformers Hugging Face Transformers Learning to Rank MLflow LangChain. Demonstrates vector DB expertise and active GitHub contributions, closely matching the Senior AI Engineer JD requirements. Note: low recent activity (106d since last active). | Profile Credibility: 100.0/100 (High confidence) | Top credibility driver: Behavioral Confidence (79.2/100) | Key strengths: Behavioral Confidence (79.2/100 × 16% weight); Evidence Strength (83.7/100 × 14% weight); Technical Depth (51.5/100 × 18% weight) | Potential concerns: Skill Evidence scores below confidence threshold (12.4/100) | Score rationale: Score driven by: strong platform engagement and recruiter signals; logically consistent career timeline; quantified achievements and measurable impact"
CAND_0016163,38,0.6321,"Applied ML Engineer with 6.7y experience, specialising in Hugging Face Transformers Computer Vision gRPC Time Series Weaviate CNN Deep Learning TensorFlow ASR Embeddings Tailwind Reinforcement Learning LoRA pgvector Statistical Modeling Pinecone Machine Learning. Demonstrates vector DB expertise and active GitHub contributions, closely matching the Senior AI Engineer JD requirements. | Profile Credibility: 100.0/100 (High confidence) | Top credibility driver: Behavioral Confidence (82.3/100) | Key strengths: Behavioral Confidence (82.3/100 × 16% weight); Technical Depth (59.7/100 × 18% weight); Evidence Strength (72.9/100 × 14% weight) | Score rationale: Score driven by: strong platform engagement and recruiter signals; logically consistent career timeline; quantified achievements and measurable impact"
CAND_0060072,39,0.6285,"Staff Machine Learning Engineer with 5.7y experience, specialising in Deep Learning Sentence Transformers PyTorch Feature Engineering Milvus Fine-tuning LLMs Next.js BM25 Redux Qdrant ASR Reinforcement Learning Prompt Engineering Embeddings Machine Learning Pinecone RAG Recommendation Systems YOLO Kubeflow. Demonstrates vector DB expertise and active GitHub contributions, closely matching the Senior AI Engineer JD requirements. Note: low recent activity (159d since last active). | Profile Credibility: 100.0/100 (High confidence) | Top credibility driver: Evidence Strength (100.0/100) | Key strengths: Evidence Strength (100.0/100 × 14% weight); Technical Depth (77.1/100 × 18% weight); Career Consistency (95.3/100 × 10% weight) | Potential concerns: Skill Evidence scores below confidence threshold (27.0/100) | Score rationale: Score driven by: demonstrated technical depth in career descriptions; logically consistent career timeline; quantified achievements and measurable impact"
CAND_0094056,40,0.6283,"NLP Engineer with 5.9y experience, specialising in MLflow Pinecone Milvus Forecasting Data Science Hugging Face Transformers GANs PEFT BM25 LlamaIndex SQL Learning to Rank Fine-tuning LLMs Machine Learning Sentence Transformers Node.js Feature Engineering Embeddings. Demonstrates vector DB expertise and active GitHub contributions, closely matching the Senior AI Engineer JD requirements. | Profile Credibility: 100.0/100 (High confidence) | Top credibility driver: Technical Depth (68.6/100) | Key strengths: Technical Depth (68.6/100 × 18% weight); Evidence Strength (82.7/100 × 14% weight); Behavioral Confidence (67.0/100 × 16% weight) | Score rationale: Score driven by: demonstrated technical depth in career descriptions; strong platform engagement and recruiter signals; logically consistent career timeline"
CAND_0089552,41,0.6165,"Machine Learning Engineer with 6.0y experience, specialising in Weaviate Image Classification TensorFlow Qdrant Semantic Search TTS Vector Search Fine-tuning LLMs SAP GANs Time Series Feature Engineering Sentence Transformers BM25 Milvus Machine Learning Hugging Face Transformers Next.js Forecasting. Demonstrates vector DB expertise and active GitHub contributions, closely matching the Senior AI Engineer JD requirements. | Profile Credibility: 100.0/100 (High confidence) | Top credibility driver: Technical Depth (76.5/100) | Key strengths: Technical Depth (76.5/100 × 18% weight); Evidence Strength (84.0/100 × 14% weight); Behavioral Confidence (69.8/100 × 16% weight) | Potential concerns: Leadership & Ownership scores below confidence threshold (30.5/100); Skill Evidence scores below confidence threshold (18.1/100) | Score rationale: Score driven by: demonstrated technical depth in career descriptions; strong platform engagement and recruiter signals; logically consistent career timeline"
CAND_0073007,42,0.6153,"AI Specialist with 5.8y experience, specialising in Milvus BentoML PyTorch Embeddings Computer Vision Content Writing Forecasting Speech Recognition Statistical Modeling Reinforcement Learning FAISS MLflow OpenCV pgvector. Demonstrates vector DB expertise and active GitHub contributions, closely matching the Senior AI Engineer JD requirements. | Profile Credibility: 100.0/100 (High confidence) | Top credibility driver: Behavioral Confidence (87.5/100) | Key strengths: Behavioral Confidence (87.5/100 × 16% weight); Evidence Strength (81.8/100 × 14% weight); Temporal Consistency (96.7/100 × 10% weight) | Potential concerns: Leadership & Ownership scores below confidence threshold (11.9/100) | Score rationale: Score driven by: strong platform engagement and recruiter signals; logically consistent career timeline; quantified achievements and measurable impact"
CAND_0049978,43,0.6148,"Senior Software Engineer (ML) with 6.6y experience, specialising in Deep Learning Weaviate BM25 GANs LoRA BentoML Recommendation Systems YOLO PyTorch ASR BigQuery Hugging Face Transformers SQL MLflow Embeddings Diffusion Models. Demonstrates vector DB expertise and active GitHub contributions, closely matching the Senior AI Engineer JD requirements. Note: low recent activity (133d since last active). | Profile Credibility: 99.8/100 (High confidence) | Top credibility driver: Behavioral Confidence (68.0/100) | Key strengths: Behavioral Confidence (68.0/100 × 16% weight); Technical Depth (51.4/100 × 18% weight); Career Consistency (90.8/100 × 10% weight) | Potential concerns: Skill Evidence scores below confidence threshold (19.5/100) | Score rationale: Score driven by: strong platform engagement and recruiter signals; logically consistent career timeline"
CAND_0079064,44,0.6144,"Senior Data Scientist with 5.2y experience, specialising in Illustrator LlamaIndex OpenSearch NLP ASR Semantic Search Node.js Fine-tuning LLMs Angular Reinforcement Learning Pinecone OpenCV QLoRA Recommendation Systems. Demonstrates vector DB expertise and active GitHub contributions, closely matching the Senior AI Engineer JD requirements. | Profile Credibility: 100.0/100 (High confidence) | Top credibility driver: Behavioral Confidence (84.9/100) | Key strengths: Behavioral Confidence (84.9/100 × 16% weight); Evidence Strength (84.3/100 × 14% weight); Technical Depth (58.7/100 × 18% weight) | Score rationale: Score driven by: strong platform engagement and recruiter signals; logically consistent career timeline; quantified achievements and measurable impact"
CAND_0050876,45,0.606,"Applied ML Engineer with 6.0y experience, specialising in SQL Qdrant MLOps FAISS scikit-learn Weights & Biases LlamaIndex Forecasting Machine Learning OpenSearch YOLO Kubeflow QLoRA Sentence Transformers Image Classification Python Prompt Engineering PyTorch. Demonstrates vector DB expertise and active GitHub contributions, closely matching the Senior AI Engineer JD requirements. | Profile Credibility: 100.0/100 (High confidence) | Top credibility driver: Evidence Strength (100.0/100) | Key strengths: Evidence Strength (100.0/100 × 14% weight); Behavioral Confidence (86.9/100 × 16% weight); Technical Depth (54.3/100 × 18% weight) | Potential concerns: Skill Evidence scores below confidence threshold (23.9/100) | Score rationale: Score driven by: strong platform engagement and recruiter signals; quantified achievements and measurable impact"
CAND_0028793,46,0.6033,"Search Engineer with 7.2y experience, specialising in SAP Kubeflow Embeddings Haystack YOLO LoRA PowerPoint Learning to Rank Information Retrieval PEFT QLoRA PyTorch pgvector NLP Weights & Biases. Demonstrates vector DB expertise and active GitHub contributions, closely matching the Senior AI Engineer JD requirements. | Profile Credibility: 100.0/100 (High confidence) | Top credibility driver: Behavioral Confidence (85.3/100) | Key strengths: Behavioral Confidence (85.3/100 × 16% weight); Evidence Strength (73.5/100 × 14% weight); Career Consistency (98.4/100 × 10% weight) | Score rationale: Score driven by: strong platform engagement and recruiter signals; logically consistent career timeline; skills supported by career role descriptions"
CAND_0007411,47,0.5992,"Senior Machine Learning Engineer with 8.0y experience, specialising in OpenSearch Prompt Engineering Fine-tuning LLMs Vector Search Data Science BM25 PyTorch Information Retrieval Pinecone TensorFlow Accounting Computer Vision Learning to Rank Deep Learning. Demonstrates vector DB expertise and active GitHub contributions, closely matching the Senior AI Engineer JD requirements. Note: low recent activity (212d since last active). | Profile Credibility: 100.0/100 (High confidence) | Top credibility driver: Evidence Strength (100.0/100) | Key strengths: Evidence Strength (100.0/100 × 14% weight); Technical Depth (69.8/100 × 18% weight); Career Consistency (85.7/100 × 10% weight) | Score rationale: Score driven by: demonstrated technical depth in career descriptions; quantified achievements and measurable impact"
CAND_0002344,48,0.5976,"Senior Software Engineer (ML) with 4.7y experience, specialising in NLP TensorFlow Django Pinecone MLOps Hugging Face Transformers Haystack Image Classification YOLO Information Retrieval Reinforcement Learning Spark LLMs TypeScript Object Detection React Recommendation Systems Feature Engineering. Demonstrates vector DB expertise and active GitHub contributions, closely matching the Senior AI Engineer JD requirements. | Profile Credibility: 100.0/100 (High confidence) | Top credibility driver: Behavioral Confidence (84.3/100) | Key strengths: Behavioral Confidence (84.3/100 × 16% weight); Evidence Strength (81.2/100 × 14% weight); Career Consistency (97.6/100 × 10% weight) | Potential concerns: Leadership & Ownership scores below confidence threshold (29.5/100); Skill Evidence scores below confidence threshold (13.9/100) | Score rationale: Score driven by: strong platform engagement and recruiter signals; logically consistent career timeline; quantified achievements and measurable impact"
CAND_0033861,49,0.5964,"Senior NLP Engineer with 8.0y experience, specialising in Reinforcement Learning Weaviate LoRA LLMs Machine Learning TensorFlow LlamaIndex Time Series Elasticsearch Haystack Diffusion Models dbt BentoML Pinecone Qdrant Vector Search Kubeflow PEFT scikit-learn Databricks Milvus Learning to Rank Sentence Transformers. Demonstrates vector DB expertise and active GitHub contributions, closely matching the Senior AI Engineer JD requirements. Note: low recent activity (136d since last active). | Profile Credibility: 100.0/100 (High confidence) | Top credibility driver: Technical Depth (88.6/100) | Key strengths: Technical Depth (88.6/100 × 18% weight); Evidence Strength (100.0/100 × 14% weight); Career Consistency (97.6/100 × 10% weight) | Potential concerns: Skill Evidence scores below confidence threshold (25.5/100) | Score rationale: Score driven by: demonstrated technical depth in career descriptions; logically consistent career timeline; quantified achievements and measurable impact"
CAND_0075574,50,0.5946,"Machine Learning Engineer with 5.7y experience, specialising in Hugging Face Transformers pgvector Weaviate Recommendation Systems OpenSearch Weights & Biases scikit-learn LlamaIndex Statistical Modeling Qdrant MongoDB Vector Search TTS Elasticsearch BM25 PyTorch. Demonstrates vector DB expertise and active GitHub contributions, closely matching the Senior AI Engineer JD requirements. | Profile Credibility: 100.0/100 (High confidence) | Top credibility driver: Behavioral Confidence (73.7/100) | Key strengths: Behavioral Confidence (73.7/100 × 16% weight); Technical Depth (59.4/100 × 18% weight); Career Consistency (85.6/100 × 10% weight) | Potential concerns: Skill Evidence scores below confidence threshold (12.5/100) | Score rationale: Score driven by: strong platform engagement and recruiter signals"
CAND_0044855,51,0.5886,"Senior Data Scientist with 6.6y experience, specialising in Object Detection Learning to Rank Hugging Face Transformers OpenSearch BentoML Information Retrieval Pinecone Machine Learning Vector Search NLP Forecasting QLoRA Data Science Statistical Modeling Image Classification Qdrant Embeddings. Demonstrates vector DB expertise and active GitHub contributions, closely matching the Senior AI Engineer JD requirements. | Profile Credibility: 100.0/100 (High confidence) | Top credibility driver: Evidence Strength (100.0/100) | Key strengths: Evidence Strength (100.0/100 × 14% weight); Behavioral Confidence (75.2/100 × 16% weight); Technical Depth (52.8/100 × 18% weight) | Score rationale: Score driven by: strong platform engagement and recruiter signals; logically consistent career timeline; quantified achievements and measurable impact"
CAND_0060835,52,0.5886,"Senior Software Engineer (ML) with 6.6y experience, specialising in SQL Flask Reinforcement Learning PyTorch Forecasting Speech Recognition ASR FAISS Weaviate Image Classification BentoML Sentence Transformers Embeddings Azure GANs. Demonstrates vector DB expertise and active GitHub contributions, closely matching the Senior AI Engineer JD requirements. | Profile Credibility: 87.1/100 (High confidence) | Top credibility driver: Behavioral Confidence (65.9/100) | Key strengths: Behavioral Confidence (65.9/100 × 16% weight); Career Consistency (90.8/100 × 10% weight); Temporal Consistency (90.0/100 × 10% weight) | Potential concerns: Skill Evidence scores below confidence threshold (17.5/100) | Score rationale: Score driven by: strong platform engagement and recruiter signals; logically consistent career timeline"
CAND_0081852,53,0.584,"Senior Data Scientist with 5.9y experience, specialising in Salesforce CRM Semantic Search TTS Milvus BentoML pgvector Weaviate Haystack Vector Search LoRA Speech Recognition Computer Vision MLOps CNN. Demonstrates vector DB expertise and active GitHub contributions, closely matching the Senior AI Engineer JD requirements. | Profile Credibility: 100.0/100 (High confidence) | Top credibility driver: Behavioral Confidence (75.3/100) | Key strengths: Behavioral Confidence (75.3/100 × 16% weight); Temporal Consistency (98.3/100 × 10% weight); Career Consistency (94.2/100 × 10% weight) | Score rationale: Score driven by: strong platform engagement and recruiter signals; logically consistent career timeline; strong ownership and leadership language"
CAND_0079387,54,0.5802,"AI Engineer with 6.9y experience, specialising in scikit-learn Recommendation Systems Python Time Series Sentence Transformers JavaScript Illustrator Vector Search Next.js OpenSearch YOLO Reinforcement Learning QLoRA LoRA BM25 Learning to Rank Haystack BentoML ASR Kubeflow. Demonstrates vector DB expertise and active GitHub contributions, closely matching the Senior AI Engineer JD requirements. | Profile Credibility: 100.0/100 (High confidence) | Top credibility driver: Behavioral Confidence (86.2/100) | Key strengths: Behavioral Confidence (86.2/100 × 16% weight); Evidence Strength (94.5/100 × 14% weight); Technical Depth (63.8/100 × 18% weight) | Score rationale: Score driven by: demonstrated technical depth in career descriptions; strong platform engagement and recruiter signals; quantified achievements and measurable impact"
CAND_0074735,55,0.5798,"Applied ML Engineer with 5.5y experience, specialising in YOLO RAG Prompt Engineering LlamaIndex Machine Learning Weaviate GANs ASR Information Retrieval BentoML Object Detection Semantic Search Vector Search Project Management TensorFlow Learning to Rank Hadoop TypeScript Elasticsearch Kubeflow. Demonstrates vector DB expertise and active GitHub contributions, closely matching the Senior AI Engineer JD requirements. Note: low recent activity (96d since last active). | Profile Credibility: 100.0/100 (High confidence) | Top credibility driver: Behavioral Confidence (87.5/100) | Key strengths: Behavioral Confidence (87.5/100 × 16% weight); Career Consistency (86.1/100 × 10% weight) | Potential concerns: Skill Evidence scores below confidence threshold (25.7/100) | Score rationale: Score driven by: strong platform engagement and recruiter signals"
CAND_0006418,56,0.5797,"Machine Learning Engineer with 5.7y experience, specialising in Kubernetes gRPC Semantic Search Embeddings TensorFlow Object Detection Weaviate Elasticsearch Snowflake MLflow Learning to Rank Forecasting Qdrant Diffusion Models Time Series OpenSearch. Demonstrates vector DB expertise and active GitHub contributions, closely matching the Senior AI Engineer JD requirements. Note: low recent activity (93d since last active). | Profile Credibility: 100.0/100 (High confidence) | Top credibility driver: Behavioral Confidence (86.0/100) | Key strengths: Behavioral Confidence (86.0/100 × 16% weight); Career Consistency (95.3/100 × 10% weight); Temporal Consistency (95.0/100 × 10% weight) | Potential concerns: Skill Evidence scores below confidence threshold (24.1/100) | Score rationale: Score driven by: strong platform engagement and recruiter signals; logically consistent career timeline"
CAND_0018549,57,0.5746,"Recommendation Systems Engineer with 6.8y experience, specialising in Computer Vision Weaviate Kubernetes Elasticsearch BigQuery LangChain Qdrant Milvus Fine-tuning LLMs Speech Recognition scikit-learn Time Series Prompt Engineering OpenSearch. Demonstrates vector DB expertise and active GitHub contributions, closely matching the Senior AI Engineer JD requirements. | Profile Credibility: 100.0/100 (High confidence) | Top credibility driver: Behavioral Confidence (79.2/100) | Key strengths: Behavioral Confidence (79.2/100 × 16% weight); Evidence Strength (83.7/100 × 14% weight); Technical Depth (62.3/100 × 18% weight) | Potential concerns: Skill Evidence scores below confidence threshold (4.9/100) | Score rationale: Score driven by: demonstrated technical depth in career descriptions; strong platform engagement and recruiter signals; logically consistent career timeline"
CAND_0026716,58,0.5705,"Computer Vision Engineer with 5.6y experience, specialising in YOLO TensorFlow Fine-tuning LLMs gRPC Computer Vision Photoshop LlamaIndex Weaviate OpenCV Diffusion Models MLOps ASR TTS Pinecone pgvector Deep Learning Speech Recognition. Demonstrates vector DB expertise and active GitHub contributions, closely matching the Senior AI Engineer JD requirements. | Profile Credibility: 100.0/100 (High confidence) | Top credibility driver: Behavioral Confidence (72.2/100) | Key strengths: Behavioral Confidence (72.2/100 × 16% weight); Evidence Strength (72.7/100 × 14% weight); Career Consistency (84.7/100 × 10% weight) | Potential concerns: Leadership & Ownership scores below confidence threshold (15.1/100) | Score rationale: Score driven by: strong platform engagement and recruiter signals; quantified achievements and measurable impact"
CAND_0058575,59,0.5665,"AI Engineer with 5.8y experience, specialising in MLOps Machine Learning LlamaIndex Time Series Recommendation Systems Pinecone PyTorch Hugging Face Transformers Sentence Transformers YOLO Statistical Modeling Reinforcement Learning. Demonstrates vector DB expertise and active GitHub contributions, closely matching the Senior AI Engineer JD requirements. | Profile Credibility: 100.0/100 (High confidence) | Top credibility driver: Behavioral Confidence (67.5/100) | Key strengths: Behavioral Confidence (67.5/100 × 16% weight); Evidence Strength (72.9/100 × 14% weight); Technical Depth (56.4/100 × 18% weight) | Score rationale: Score driven by: strong platform engagement and recruiter signals; quantified achievements and measurable impact"
CAND_0044222,60,0.5577,"AI Engineer with 7.7y experience, specialising in Vector Search LlamaIndex OpenSearch Java Qdrant Feature Engineering Time Series Weaviate Content Writing NLP BM25 Deep Learning LangChain Hugging Face Transformers Fine-tuning LLMs ASR Diffusion Models QLoRA Hadoop. Demonstrates vector DB expertise and active GitHub contributions, closely matching the Senior AI Engineer JD requirements. | Profile Credibility: 100.0/100 (High confidence) | Top credibility driver: Behavioral Confidence (84.5/100) | Key strengths: Behavioral Confidence (84.5/100 × 16% weight); Evidence Strength (84.7/100 × 14% weight); Technical Depth (64.4/100 × 18% weight) | Potential concerns: Skill Evidence scores below confidence threshold (30.8/100) | Score rationale: Score driven by: demonstrated technical depth in career descriptions; strong platform engagement and recruiter signals; logically consistent career timeline"
CAND_0065195,61,0.5492,"Search Engineer with 5.1y experience, specialising in LLMs BentoML QLoRA scikit-learn Diffusion Models Elasticsearch Hugging Face Transformers Qdrant Django MLOps pgvector Learning to Rank LlamaIndex. Demonstrates vector DB expertise and active GitHub contributions, closely matching the Senior AI Engineer JD requirements. | Profile Credibility: 100.0/100 (High confidence) | Top credibility driver: Behavioral Confidence (90.3/100) | Key strengths: Behavioral Confidence (90.3/100 × 16% weight); Technical Depth (61.0/100 × 18% weight); Career Consistency (99.3/100 × 10% weight) | Potential concerns: Skill Evidence scores below confidence threshold (16.3/100) | Score rationale: Score driven by: demonstrated technical depth in career descriptions; strong platform engagement and recruiter signals; logically consistent career timeline"
CAND_0005269,62,0.548,"Senior Software Engineer (ML) with 6.1y experience, specialising in Information Retrieval Machine Learning Object Detection YOLO Airflow Hugging Face Transformers Fine-tuning LLMs Weights & Biases Elasticsearch MLflow FAISS Weaviate OpenCV Statistical Modeling Speech Recognition. Demonstrates vector DB expertise and active GitHub contributions, closely matching the Senior AI Engineer JD requirements. | Profile Credibility: 100.0/100 (High confidence) | Top credibility driver: Behavioral Confidence (72.0/100) | Key strengths: Behavioral Confidence (72.0/100 × 16% weight); Evidence Strength (81.2/100 × 14% weight); Temporal Consistency (98.3/100 × 10% weight) | Potential concerns: Leadership & Ownership scores below confidence threshold (29.5/100); Skill Evidence scores below confidence threshold (23.8/100) | Score rationale: Score driven by: strong platform engagement and recruiter signals; logically consistent career timeline; quantified achievements and measurable impact"
CAND_0093547,63,0.5474,"Senior Machine Learning Engineer with 2.9y experience, specialising in LLMs RAG Python QLoRA Kubeflow PEFT GANs Machine Learning Diffusion Models PyTorch Haystack Milvus FAISS Learning to Rank TensorFlow Apache Flink scikit-learn SEO Weaviate Reinforcement Learning Information Retrieval. Demonstrates vector DB expertise and active GitHub contributions, closely matching the Senior AI Engineer JD requirements. | Profile Credibility: 100.0/100 (High confidence) | Top credibility driver: Evidence Strength (100.0/100) | Key strengths: Evidence Strength (100.0/100 × 14% weight); Behavioral Confidence (85.2/100 × 16% weight); Technical Depth (74.1/100 × 18% weight) | Potential concerns: Temporal Consistency scores below confidence threshold (32.2/100) | Score rationale: Score driven by: demonstrated technical depth in career descriptions; strong platform engagement and recruiter signals; quantified achievements and measurable impact"
CAND_0076831,64,0.5472,"Search Engineer with 4.0y experience, specialising in LLMs MLOps Milvus SEO BM25 Weaviate Forecasting YOLO Kafka NLP TTS Reinforcement Learning Fine-tuning LLMs PyTorch Project Management LlamaIndex. Demonstrates vector DB expertise and active GitHub contributions, closely matching the Senior AI Engineer JD requirements. | Profile Credibility: 100.0/100 (High confidence) | Top credibility driver: Technical Depth (71.5/100) | Key strengths: Technical Depth (71.5/100 × 18% weight); Behavioral Confidence (74.0/100 × 16% weight); Career Consistency (90.5/100 × 10% weight) | Potential concerns: Skill Evidence scores below confidence threshold (17.1/100) | Score rationale: Score driven by: demonstrated technical depth in career descriptions; strong platform engagement and recruiter signals"
CAND_0053695,65,0.5439,"Recommendation Systems Engineer with 5.8y experience, specialising in MLOps Apache Flink GCP Pinecone CNN Weights & Biases ASR LangChain Object Detection Recommendation Systems TensorFlow pgvector Embeddings Sentence Transformers SEO. Demonstrates vector DB expertise and active GitHub contributions, closely matching the Senior AI Engineer JD requirements. Note: low recent activity (91d since last active). | Profile Credibility: 100.0/100 (High confidence) | Top credibility driver: Behavioral Confidence (73.5/100) | Key strengths: Behavioral Confidence (73.5/100 × 16% weight); Evidence Strength (74.3/100 × 14% weight) | Potential concerns: Skill Evidence scores below confidence threshold (27.5/100) | Score rationale: Score driven by: strong platform engagement and recruiter signals; quantified achievements and measurable impact"
CAND_0037980,66,0.5438,"Senior Applied Scientist with 9.0y experience, specialising in LoRA Search Infrastructure PyTorch NLP Indexing Algorithms BM25 TTS Text Encoders Document Processing OpenCV QLoRA pgvector Haystack Model Adaptation Weights & Biases BentoML scikit-learn Prompt Engineering Feature Engineering Information Retrieval Systems Recommendation Systems. Demonstrates vector DB expertise and active GitHub contributions, closely matching the Senior AI Engineer JD requirements. Note: low recent activity (96d since last active). | Profile Credibility: 100.0/100 (High confidence) | Top credibility driver: Behavioral Confidence (74.4/100) | Key strengths: Behavioral Confidence (74.4/100 × 16% weight); Temporal Consistency (100.0/100 × 10% weight); Career Consistency (91.3/100 × 10% weight) | Potential concerns: Technical Depth scores below confidence threshold (26.4/100) | Score rationale: Score driven by: strong platform engagement and recruiter signals; logically consistent career timeline"
CAND_0041610,67,0.5438,"Recommendation Systems Engineer with 6.7y experience, specialising in OpenCV LoRA Statistical Modeling Data Science Elasticsearch GANs OpenSearch LangChain BM25 scikit-learn Learning to Rank Forecasting Feature Engineering Embeddings pgvector Recommendation Systems PyTorch. Demonstrates vector DB expertise and active GitHub contributions, closely matching the Senior AI Engineer JD requirements. | Profile Credibility: 100.0/100 (High confidence) | Top credibility driver: Behavioral Confidence (78.0/100) | Key strengths: Behavioral Confidence (78.0/100 × 16% weight); Technical Depth (51.0/100 × 18% weight); Leadership & Ownership (65.6/100 × 12% weight) | Score rationale: Score driven by: strong platform engagement and recruiter signals; strong ownership and leadership language"
CAND_0005509,68,0.5414,"Data Scientist with 6.0y experience, specialising in Diffusion Models GANs JavaScript Python Fine-tuning LLMs dbt gRPC Object Detection Feature Engineering LlamaIndex Reinforcement Learning Qdrant Weights & Biases Image Classification. Demonstrates vector DB expertise and active GitHub contributions, closely matching the Senior AI Engineer JD requirements. | Profile Credibility: 97.4/100 (High confidence) | Top credibility driver: Behavioral Confidence (76.4/100) | Key strengths: Behavioral Confidence (76.4/100 × 16% weight); Evidence Strength (63.9/100 × 14% weight); Career Consistency (88.1/100 × 10% weight) | Potential concerns: Skill Evidence scores below confidence threshold (24.3/100); Leadership & Ownership scores below confidence threshold (16.7/100) | Score rationale: Score driven by: strong platform engagement and recruiter signals; quantified achievements and measurable impact"
CAND_0077285,69,0.5404,"Recommendation Systems Engineer with 5.5y experience, specialising in OpenCV Excel LoRA Reinforcement Learning Pinecone Sentence Transformers CNN Embeddings Information Retrieval Fine-tuning LLMs Milvus NLP LlamaIndex BentoML FAISS. Demonstrates vector DB expertise and active GitHub contributions, closely matching the Senior AI Engineer JD requirements. | Profile Credibility: 100.0/100 (High confidence) | Top credibility driver: Behavioral Confidence (77.2/100) | Key strengths: Behavioral Confidence (77.2/100 × 16% weight); Technical Depth (63.7/100 × 18% weight); Career Consistency (83.8/100 × 10% weight) | Score rationale: Score driven by: demonstrated technical depth in career descriptions; strong platform engagement and recruiter signals"
CAND_0012957,70,0.5399,"Search Engineer with 4.9y experience, specialising in RAG PEFT LangChain ASR Deep Learning BentoML BM25 Machine Learning Redis Statistical Modeling Qdrant OpenCV Python Embeddings Fine-tuning LLMs. Demonstrates vector DB expertise and active GitHub contributions, closely matching the Senior AI Engineer JD requirements. | Profile Credibility: 100.0/100 (High confidence) | Top credibility driver: Behavioral Confidence (82.5/100) | Key strengths: Behavioral Confidence (82.5/100 × 16% weight); Evidence Strength (83.7/100 × 14% weight); Technical Depth (56.7/100 × 18% weight) | Potential concerns: Skill Evidence scores below confidence threshold (28.1/100) | Score rationale: Score driven by: strong platform engagement and recruiter signals; logically consistent career timeline; quantified achievements and measurable impact"
CAND_0076251,71,0.5395,"Search Engineer with 7.6y experience, specialising in Fine-tuning LLMs Reinforcement Learning Hugging Face Transformers Weaviate Time Series LlamaIndex LLMs SAP Feature Engineering Image Classification Kafka Forecasting Learning to Rank Elasticsearch Semantic Search PEFT. Direct vector DB experience is a key differentiator for this embedding/retrieval-focused role. | Profile Credibility: 100.0/100 (High confidence) | Top credibility driver: Technical Depth (63.9/100) | Key strengths: Technical Depth (63.9/100 × 18% weight); Evidence Strength (72.2/100 × 14% weight); Career Consistency (97.1/100 × 10% weight) | Score rationale: Score driven by: demonstrated technical depth in career descriptions; logically consistent career timeline; quantified achievements and measurable impact"
CAND_0020877,72,0.5391,"Applied ML Engineer with 5.1y experience, specialising in QLoRA Kubeflow YOLO Elasticsearch PyTorch OpenSearch Information Retrieval Forecasting Statistical Modeling LlamaIndex Weaviate Deep Learning PEFT Milvus scikit-learn Qdrant Illustrator Java. Demonstrates vector DB expertise and active GitHub contributions, closely matching the Senior AI Engineer JD requirements. | Profile Credibility: 100.0/100 (High confidence) | Top credibility driver: Technical Depth (73.6/100) | Key strengths: Technical Depth (73.6/100 × 18% weight); Behavioral Confidence (74.7/100 × 16% weight); Evidence Strength (83.0/100 × 14% weight) | Potential concerns: Skill Evidence scores below confidence threshold (15.6/100) | Score rationale: Score driven by: demonstrated technical depth in career descriptions; strong platform engagement and recruiter signals; logically consistent career timeline"
CAND_0033911,73,0.5378,"Data Scientist with 6.9y experience, specialising in MLOps Learning to Rank AWS ASR FAISS Sentence Transformers Hugging Face Transformers OpenCV BM25 LLMs MLflow Content Writing. Demonstrates vector DB expertise and active GitHub contributions, closely matching the Senior AI Engineer JD requirements. | Profile Credibility: 97.9/100 (High confidence) | Top credibility driver: Behavioral Confidence (68.3/100) | Key strengths: Behavioral Confidence (68.3/100 × 16% weight); Career Consistency (94.3/100 × 10% weight) | Potential concerns: Leadership & Ownership scores below confidence threshold (15.3/100) | Score rationale: Score driven by: strong platform engagement and recruiter signals; logically consistent career timeline"
CAND_0031593,74,0.5359,"Search Engineer with 7.8y experience, specialising in Haystack OpenCV Hugging Face Transformers CNN Java ASR BentoML Recommendation Systems HTML Statistical Modeling GCP Weights & Biases BM25 LangChain Embeddings Elasticsearch. Demonstrates vector DB expertise and active GitHub contributions, closely matching the Senior AI Engineer JD requirements. Note: low recent activity (105d since last active). | Profile Credibility: 100.0/100 (High confidence) | Top credibility driver: Behavioral Confidence (68.0/100) | Key strengths: Behavioral Confidence (68.0/100 × 16% weight); Evidence Strength (73.3/100 × 14% weight); Career Consistency (96.2/100 × 10% weight) | Potential concerns: Skill Evidence scores below confidence threshold (20.9/100) | Score rationale: Score driven by: strong platform engagement and recruiter signals; logically consistent career timeline; quantified achievements and measurable impact"
CAND_0098846,75,0.535,"AI Engineer with 7.6y experience, specialising in YOLO Kubeflow Hugging Face Transformers Hadoop PEFT QLoRA Machine Learning MLOps Qdrant Haystack LlamaIndex TensorFlow Recommendation Systems Speech Recognition Photoshop Azure BentoML TTS. Demonstrates vector DB expertise and active GitHub contributions, closely matching the Senior AI Engineer JD requirements. | Profile Credibility: 100.0/100 (High confidence) | Top credibility driver: Behavioral Confidence (80.6/100) | Key strengths: Behavioral Confidence (80.6/100 × 16% weight); Technical Depth (55.6/100 × 18% weight); Career Consistency (83.2/100 × 10% weight) | Potential concerns: Skill Evidence scores below confidence threshold (13.7/100) | Score rationale: Score driven by: strong platform engagement and recruiter signals"
CAND_0062247,76,0.5343,"AI Engineer with 7.3y experience, specialising in Image Classification OpenCV Reinforcement Learning ASR Pinecone Vector Search Qdrant RAG Computer Vision PEFT Speech Recognition Illustrator Hugging Face Transformers Learning to Rank Information Retrieval Deep Learning BM25. Demonstrates vector DB expertise and active GitHub contributions, closely matching the Senior AI Engineer JD requirements. | Profile Credibility: 100.0/100 (High confidence) | Top credibility driver: Behavioral Confidence (80.2/100) | Key strengths: Behavioral Confidence (80.2/100 × 16% weight); Evidence Strength (84.7/100 × 14% weight); Technical Depth (52.2/100 × 18% weight) | Score rationale: Score driven by: strong platform engagement and recruiter signals; logically consistent career timeline; quantified achievements and measurable impact"
CAND_0049538,77,0.5329,"Applied ML Engineer with 5.8y experience, specialising in LlamaIndex Feature Engineering MLflow Computer Vision TTS Learning to Rank OpenSearch Vector Search Milvus QLoRA Embeddings CNN LLMs Deep Learning Recommendation Systems Elasticsearch PyTorch. Demonstrates vector DB expertise and active GitHub contributions, closely matching the Senior AI Engineer JD requirements. | Profile Credibility: 100.0/100 (High confidence) | Top credibility driver: Behavioral Confidence (87.7/100) | Key strengths: Behavioral Confidence (87.7/100 × 16% weight); Career Consistency (86.5/100 × 10% weight) | Potential concerns: Skill Evidence scores below confidence threshold (33.7/100) | Score rationale: Score driven by: strong platform engagement and recruiter signals; strong ownership and leadership language"
CAND_0093912,78,0.53,"Senior Data Scientist with 5.3y experience, specialising in Feature Engineering SAP CNN Milvus Embeddings Recommendation Systems Vector Search Haystack Sales Learning to Rank Elasticsearch FastAPI Forecasting. Demonstrates vector DB expertise and active GitHub contributions, closely matching the Senior AI Engineer JD requirements. | Profile Credibility: 100.0/100 (High confidence) | Top credibility driver: Behavioral Confidence (94.2/100) | Key strengths: Behavioral Confidence (94.2/100 × 16% weight); Evidence Strength (72.0/100 × 14% weight); Technical Depth (50.3/100 × 18% weight) | Potential concerns: Skill Evidence scores below confidence threshold (22.5/100) | Score rationale: Score driven by: strong platform engagement and recruiter signals; quantified achievements and measurable impact; strong ownership and leadership language"
CAND_0011162,79,0.5248,"Recommendation Systems Engineer with 5.8y experience, specialising in Weights & Biases FAISS Vector Search LangChain CNN LoRA Milvus OpenSearch Django Kubeflow Sentence Transformers gRPC Pinecone Python PEFT Weaviate Embeddings. Demonstrates vector DB expertise and active GitHub contributions, closely matching the Senior AI Engineer JD requirements. | Profile Credibility: 100.0/100 (High confidence) | Top credibility driver: Behavioral Confidence (83.2/100) | Key strengths: Behavioral Confidence (83.2/100 × 16% weight); Technical Depth (62.8/100 × 18% weight); Career Consistency (86.5/100 × 10% weight) | Potential concerns: Skill Evidence scores below confidence threshold (20.8/100) | Score rationale: Score driven by: demonstrated technical depth in career descriptions; strong platform engagement and recruiter signals; strong ownership and leadership language"
CAND_0099401,80,0.5222,"NLP Engineer with 7.7y experience, specialising in BM25 Embeddings ASR Deep Learning Qdrant Haystack Information Retrieval GANs Reinforcement Learning Semantic Search scikit-learn LlamaIndex Photoshop Python. Demonstrates vector DB expertise and active GitHub contributions, closely matching the Senior AI Engineer JD requirements. | Profile Credibility: 100.0/100 (High confidence) | Top credibility driver: Behavioral Confidence (67.9/100) | Key strengths: Behavioral Confidence (67.9/100 × 16% weight); Technical Depth (54.1/100 × 18% weight); Evidence Strength (65.4/100 × 14% weight) | Potential concerns: Skill Evidence scores below confidence threshold (29.4/100) | Score rationale: Score driven by: strong platform engagement and recruiter signals; quantified achievements and measurable impact"
CAND_0043304,81,0.5217,"Junior ML Engineer with 6.5y experience, specialising in LangChain Sentence Transformers Machine Learning Diffusion Models Kubeflow BM25 FastAPI LoRA TTS Qdrant Weights & Biases Reinforcement Learning React YOLO Hugging Face Transformers. Demonstrates vector DB expertise and active GitHub contributions, closely matching the Senior AI Engineer JD requirements. Note: low recent activity (131d since last active). | Profile Credibility: 85.0/100 (High confidence) | Top credibility driver: Behavioral Confidence (73.8/100) | Key strengths: Behavioral Confidence (73.8/100 × 16% weight); Career Consistency (91.8/100 × 10% weight) | Potential concerns: Leadership & Ownership scores below confidence threshold (15.0/100) | Score rationale: Score driven by: strong platform engagement and recruiter signals; logically consistent career timeline"
CAND_0005260,82,0.5213,"Senior NLP Engineer with 5.2y experience, specialising in Statistical Modeling MLOps Snowflake Prompt Engineering Information Retrieval Speech Recognition Semantic Search Deep Learning Python NLP MLflow LoRA RAG Kubeflow pgvector Haystack Hugging Face Transformers Embeddings. Direct vector DB experience is a key differentiator for this embedding/retrieval-focused role. | Profile Credibility: 100.0/100 (High confidence) | Top credibility driver: Evidence Strength (100.0/100) | Key strengths: Evidence Strength (100.0/100 × 14% weight); Technical Depth (70.5/100 × 18% weight); Behavioral Confidence (69.5/100 × 16% weight) | Potential concerns: Skill Evidence scores below confidence threshold (26.0/100) | Score rationale: Score driven by: demonstrated technical depth in career descriptions; strong platform engagement and recruiter signals; logically consistent career timeline"
CAND_0007412,83,0.521,"Applied ML Engineer with 7.4y experience, specialising in Node.js scikit-learn Data Science Pinecone Milvus PyTorch BM25 Kubeflow RAG Photoshop Object Detection Recommendation Systems. Demonstrates vector DB expertise and active GitHub contributions, closely matching the Senior AI Engineer JD requirements. | Profile Credibility: 100.0/100 (High confidence) | Top credibility driver: Behavioral Confidence (82.8/100) | Key strengths: Behavioral Confidence (82.8/100 × 16% weight); Leadership & Ownership (65.8/100 × 12% weight) | Score rationale: Score driven by: strong platform engagement and recruiter signals; strong ownership and leadership language"
CAND_0081053,84,0.5208,"NLP Engineer with 5.4y experience, specialising in LoRA QLoRA Qdrant Diffusion Models Machine Learning Learning to Rank OpenCV pgvector Webpack Haystack Object Detection Image Classification scikit-learn Semantic Search Speech Recognition Weaviate OpenSearch. Demonstrates vector DB expertise and active GitHub contributions, closely matching the Senior AI Engineer JD requirements. Note: low recent activity (93d since last active). | Profile Credibility: 100.0/100 (High confidence) | Top credibility driver: Behavioral Confidence (88.6/100) | Key strengths: Behavioral Confidence (88.6/100 × 16% weight); Evidence Strength (83.3/100 × 14% weight); Career Consistency (97.2/100 × 10% weight) | Potential concerns: Leadership & Ownership scores below confidence threshold (30.7/100); Skill Evidence scores below confidence threshold (21.9/100) | Score rationale: Score driven by: strong platform engagement and recruiter signals; logically consistent career timeline; quantified achievements and measurable impact"
CAND_0065786,85,0.5197,"AI Specialist with 4.9y experience, specialising in Databricks LoRA Learning to Rank Kubeflow BentoML Image Classification Semantic Search TensorFlow OpenCV FastAPI Pinecone Content Writing Qdrant. Demonstrates vector DB expertise and active GitHub contributions, closely matching the Senior AI Engineer JD requirements. | Profile Credibility: 100.0/100 (High confidence) | Top credibility driver: Behavioral Confidence (94.5/100) | Key strengths: Behavioral Confidence (94.5/100 × 16% weight); Evidence Strength (72.6/100 × 14% weight); Career Consistency (77.4/100 × 10% weight) | Potential concerns: Leadership & Ownership scores below confidence threshold (13.0/100) | Score rationale: Score driven by: strong platform engagement and recruiter signals; quantified achievements and measurable impact"
CAND_0037566,86,0.5192,"Machine Learning Engineer with 6.9y experience, specialising in Pinecone Time Series LlamaIndex NLP LoRA QLoRA BM25 Feature Engineering Forecasting MLflow Spring Boot TensorFlow LLMs YOLO LangChain Elasticsearch Reinforcement Learning. Demonstrates vector DB expertise and active GitHub contributions, closely matching the Senior AI Engineer JD requirements. | Profile Credibility: 100.0/100 (High confidence) | Top credibility driver: Behavioral Confidence (79.6/100) | Key strengths: Behavioral Confidence (79.6/100 × 16% weight); Technical Depth (53.3/100 × 18% weight); Career Consistency (89.5/100 × 10% weight) | Score rationale: Score driven by: strong platform engagement and recruiter signals; logically consistent career timeline"
CAND_0096172,87,0.5166,"NLP Engineer with 5.2y experience, specialising in OpenSearch Haystack Forecasting Elasticsearch Semantic Search CNN LangChain Time Series Python RAG Fine-tuning LLMs Hugging Face Transformers GraphQL Sentence Transformers Qdrant. Demonstrates vector DB expertise and active GitHub contributions, closely matching the Senior AI Engineer JD requirements. | Profile Credibility: 100.0/100 (High confidence) | Top credibility driver: Evidence Strength (100.0/100) | Key strengths: Evidence Strength (100.0/100 × 14% weight); Technical Depth (61.6/100 × 18% weight); Behavioral Confidence (65.5/100 × 16% weight) | Potential concerns: Skill Evidence scores below confidence threshold (30.4/100) | Score rationale: Score driven by: demonstrated technical depth in career descriptions; strong platform engagement and recruiter signals; logically consistent career timeline"
CAND_0050454,88,0.5155,"AI Engineer with 6.8y experience, specialising in PyTorch LangChain QLoRA Fine-tuning LLMs FAISS Qdrant Image Classification scikit-learn Feature Engineering LoRA BM25 NLP LLMs Weights & Biases Kubeflow. Direct vector DB experience is a key differentiator for this embedding/retrieval-focused role. | Profile Credibility: 100.0/100 (High confidence) | Top credibility driver: Evidence Strength (100.0/100) | Key strengths: Evidence Strength (100.0/100 × 14% weight); Technical Depth (64.7/100 × 18% weight); Behavioral Confidence (66.8/100 × 16% weight) | Potential concerns: Skill Evidence scores below confidence threshold (32.2/100) | Score rationale: Score driven by: demonstrated technical depth in career descriptions; strong platform engagement and recruiter signals; logically consistent career timeline"
CAND_0087494,89,0.5139,"ML Engineer with 3.4y experience, specialising in NLP React PyTorch JavaScript Fine-tuning LLMs TTS YOLO LoRA Computer Vision Spark Milvus Data Pipelines Sentence Transformers Speech Recognition. Demonstrates vector DB expertise and active GitHub contributions, closely matching the Senior AI Engineer JD requirements. | Profile Credibility: 85.3/100 (High confidence) | Top credibility driver: Behavioral Confidence (76.6/100) | Key strengths: Behavioral Confidence (76.6/100 × 16% weight); Career Consistency (82.1/100 × 10% weight) | Potential concerns: Leadership & Ownership scores below confidence threshold (17.7/100) | Score rationale: Score driven by: strong platform engagement and recruiter signals"
CAND_0091890,90,0.5127,"AI Research Engineer with 4.7y experience, specialising in Statistical Modeling scikit-learn Weights & Biases Elasticsearch Pinecone Diffusion Models BentoML Rust Image Classification Reinforcement Learning Forecasting Deep Learning OpenSearch BigQuery Weaviate Learning to Rank Flask Milvus. Demonstrates vector DB expertise and active GitHub contributions, closely matching the Senior AI Engineer JD requirements. | Profile Credibility: 93.8/100 (High confidence) | Top credibility driver: Behavioral Confidence (82.2/100) | Key strengths: Behavioral Confidence (82.2/100 × 16% weight); Career Consistency (97.6/100 × 10% weight); Temporal Consistency (78.3/100 × 10% weight) | Potential concerns: Leadership & Ownership scores below confidence threshold (17.5/100) | Score rationale: Score driven by: strong platform engagement and recruiter signals; logically consistent career timeline"
CAND_0068811,91,0.5054,"Applied ML Engineer with 8.0y experience, specialising in Data Science Vector Search Speech Recognition TTS Kubeflow Qdrant scikit-learn TensorFlow Embeddings pgvector Pinecone Time Series PEFT gRPC Haystack OpenSearch Weaviate Agile React. Demonstrates vector DB expertise and active GitHub contributions, closely matching the Senior AI Engineer JD requirements. | Profile Credibility: 100.0/100 (High confidence) | Top credibility driver: Technical Depth (58.5/100) | Key strengths: Technical Depth (58.5/100 × 18% weight); Behavioral Confidence (58.7/100 × 16% weight); Evidence Strength (66.6/100 × 14% weight) | Potential concerns: Skill Evidence scores below confidence threshold (26.5/100) | Score rationale: Score driven by: quantified achievements and measurable impact"
CAND_0065277,92,0.5047,"Computer Vision Engineer with 6.3y experience, specialising in YOLO Diffusion Models Statistical Modeling LlamaIndex Vector Search Deep Learning Marketing Milvus RAG Sales Forecasting Fine-tuning LLMs Image Classification Sentence Transformers Prompt Engineering. Demonstrates vector DB expertise and active GitHub contributions, closely matching the Senior AI Engineer JD requirements. Note: low recent activity (108d since last active). | Profile Credibility: 100.0/100 (High confidence) | Top credibility driver: Evidence Strength (81.5/100) | Key strengths: Evidence Strength (81.5/100 × 14% weight); Behavioral Confidence (65.9/100 × 16% weight); Temporal Consistency (95.0/100 × 10% weight) | Potential concerns: Leadership & Ownership scores below confidence threshold (17.0/100) | Score rationale: Score driven by: strong platform engagement and recruiter signals; logically consistent career timeline; quantified achievements and measurable impact"
CAND_0034177,93,0.5043,"Senior Software Engineer (ML) with 3.6y experience, specialising in Image Classification GCP Learning to Rank Haystack LangChain LlamaIndex Time Series Six Sigma Milvus GANs Machine Learning Kubeflow Data Science Diffusion Models HTML NLP. Demonstrates vector DB expertise and active GitHub contributions, closely matching the Senior AI Engineer JD requirements. | Profile Credibility: 83.9/100 (High confidence) | Top credibility driver: Behavioral Confidence (82.8/100) | Key strengths: Behavioral Confidence (82.8/100 × 16% weight); Career Consistency (81.2/100 × 10% weight); Temporal Consistency (80.0/100 × 10% weight) | Potential concerns: Skill Evidence scores below confidence threshold (22.4/100) | Score rationale: Score driven by: strong platform engagement and recruiter signals; logically consistent career timeline"
CAND_0029367,94,0.5037,"Senior Data Scientist with 5.7y experience, specialising in GANs Haystack BentoML MLflow TensorFlow QLoRA FAISS Sentence Transformers RAG NLP LangChain Image Classification PyTorch Pinecone Vector Search Forecasting Recommendation Systems. Demonstrates vector DB expertise and active GitHub contributions, closely matching the Senior AI Engineer JD requirements. | Profile Credibility: 100.0/100 (High confidence) | Top credibility driver: Evidence Strength (100.0/100) | Key strengths: Evidence Strength (100.0/100 × 14% weight); Behavioral Confidence (79.1/100 × 16% weight); Technical Depth (59.4/100 × 18% weight) | Score rationale: Score driven by: strong platform engagement and recruiter signals; quantified achievements and measurable impact; strong ownership and leadership language"
CAND_0006557,95,0.5028,"NLP Engineer with 7.9y experience, specialising in Kubeflow Data Science Elasticsearch OpenSearch LlamaIndex OpenCV Vector Search Agile Weaviate Vue.js FAISS Pinecone Hugging Face Transformers Qdrant Databricks LoRA LangChain Information Retrieval. Direct vector DB experience is a key differentiator for this embedding/retrieval-focused role. | Profile Credibility: 100.0/100 (High confidence) | Top credibility driver: Technical Depth (66.5/100) | Key strengths: Technical Depth (66.5/100 × 18% weight); Evidence Strength (81.2/100 × 14% weight); Behavioral Confidence (70.7/100 × 16% weight) | Potential concerns: Skill Evidence scores below confidence threshold (16.9/100) | Score rationale: Score driven by: demonstrated technical depth in career descriptions; strong platform engagement and recruiter signals; quantified achievements and measurable impact"
CAND_0067643,96,0.5024,"AI Research Engineer with 6.0y experience, specialising in Elasticsearch Object Detection Fine-tuning LLMs Apache Beam Scrum OpenCV Learning to Rank Salesforce CRM Qdrant NLP CNN GANs LoRA BM25 Speech Recognition. Demonstrates vector DB expertise and active GitHub contributions, closely matching the Senior AI Engineer JD requirements. Note: low recent activity (104d since last active). | Profile Credibility: 100.0/100 (High confidence) | Top credibility driver: Behavioral Confidence (66.6/100) | Key strengths: Behavioral Confidence (66.6/100 × 16% weight); Evidence Strength (72.4/100 × 14% weight); Career Consistency (88.1/100 × 10% weight) | Potential concerns: Leadership & Ownership scores below confidence threshold (17.0/100) | Score rationale: Score driven by: strong platform engagement and recruiter signals; quantified achievements and measurable impact"
CAND_0037160,97,0.5015,"Data Scientist with 6.0y experience, specialising in TTS Deep Learning LLMs Weaviate Computer Vision Vector Search Vue.js MLflow Object Detection Statistical Modeling Hugging Face Transformers ASR YOLO Embeddings Image Classification Semantic Search. Demonstrates vector DB expertise and active GitHub contributions, closely matching the Senior AI Engineer JD requirements. Note: low recent activity (96d since last active). | Profile Credibility: 100.0/100 (High confidence) | Top credibility driver: Behavioral Confidence (73.8/100) | Key strengths: Behavioral Confidence (73.8/100 × 16% weight); Evidence Strength (72.7/100 × 14% weight); Technical Depth (52.3/100 × 18% weight) | Potential concerns: Leadership & Ownership scores below confidence threshold (14.5/100) | Score rationale: Score driven by: strong platform engagement and recruiter signals; quantified achievements and measurable impact"
CAND_0051004,98,0.5004,"Senior Data Scientist with 4.7y experience, specialising in MLflow Embeddings Semantic Search PyTorch gRPC ASR Reinforcement Learning Docker Qdrant Forecasting PEFT MLOps Fine-tuning LLMs Prompt Engineering Haystack Vector Search BentoML LlamaIndex BigQuery LoRA. Demonstrates vector DB expertise and active GitHub contributions, closely matching the Senior AI Engineer JD requirements. | Profile Credibility: 100.0/100 (High confidence) | Top credibility driver: Behavioral Confidence (73.4/100) | Key strengths: Behavioral Confidence (73.4/100 × 16% weight); Leadership & Ownership (83.1/100 × 12% weight); Career Consistency (97.6/100 × 10% weight) | Potential concerns: Skill Evidence scores below confidence threshold (19.7/100) | Score rationale: Score driven by: strong platform engagement and recruiter signals; logically consistent career timeline; strong ownership and leadership language"
CAND_0073883,99,0.5001,"AI Specialist with 5.3y experience, specialising in Redux Reinforcement Learning PEFT Hugging Face Transformers Project Management Object Detection Microservices Haystack Vector Search Deep Learning Python PowerPoint Image Classification ASR OpenSearch FAISS Forecasting Statistical Modeling. Demonstrates vector DB expertise and active GitHub contributions, closely matching the Senior AI Engineer JD requirements. | Profile Credibility: 74.2/100 (Medium confidence) | Top credibility driver: Behavioral Confidence (93.4/100) | Key strengths: Behavioral Confidence (93.4/100 × 16% weight); Career Consistency (81.8/100 × 10% weight); Temporal Consistency (58.9/100 × 10% weight) | Potential concerns: Leadership & Ownership scores below confidence threshold (10.6/100) | Score rationale: Score driven by: strong platform engagement and recruiter signals"
CAND_0081480,100,0.5,"Computer Vision Engineer with 5.6y experience, specialising in BM25 ASR BentoML GANs Recommendation Systems Vector Search PyTorch Fine-tuning LLMs Content Writing Kubeflow CI/CD FAISS. Demonstrates vector DB expertise and active GitHub contributions, closely matching the Senior AI Engineer JD requirements. Note: low recent activity (94d since last active). | Profile Credibility: 100.0/100 (High confidence) | Top credibility driver: Behavioral Confidence (87.0/100) | Key strengths: Behavioral Confidence (87.0/100 × 16% weight); Career Consistency (95.9/100 × 10% weight); Temporal Consistency (93.3/100 × 10% weight) | Potential concerns: Leadership & Ownership scores below confidence threshold (19.2/100) | Score rationale: Score driven by: strong platform engagement and recruiter signals; logically consistent career timeline; skills supported by career role descriptions"
